{
    "metadata": {
        "duration": 61.0,
        "width": 3840,
        "height": 2160,
        "fps": 30.0,
        "codec": "mjpeg",
        "has_audio": false
    },
    "serial_time": 96.18169835699973,
    "sweep_results": {
        "1": {
            "time": 96.36354672499965,
            "success": true,
            "chunk_times": [
                96.16761729500013
            ]
        },
        "2": {
            "time": 69.65864681200037,
            "success": true,
            "chunk_times": [
                37.58140897700014,
                38.38921825000034,
                32.006742450000274
            ]
        },
        "4": {
            "time": 40.75196237199998,
            "success": true,
            "chunk_times": [
                22.20194581999931,
                22.062242926999716,
                22.027083397999377,
                22.027041256999837,
                18.16060869499961,
                18.442703804999837
            ]
        },
        "8": {
            "time": 32.85572438899999,
            "success": true,
            "chunk_times": [
                20.550748576999467,
                20.44316202600021,
                20.616856272000405,
                20.50495734800006,
                20.488294781999684,
                20.495831337999334,
                20.429497690000062,
                20.429698128999917,
                11.943234387000302,
                11.92669750999994,
                12.007414715999403,
                11.948310875000061
            ]
        }
    },
    "timestamp": 1770008314.2764478
}