{
    "metadata": {
        "duration": 61.0,
        "width": 3840,
        "height": 2160,
        "fps": 30.0,
        "codec": "mjpeg",
        "has_audio": false
    },
    "serial_time": 93.88830519799922,
    "sweep_results": {
        "1": {
            "time": 94.41617846199915,
            "success": true,
            "chunk_times": [
                94.10823062800046
            ]
        },
        "2": {
            "time": 77.63114485299957,
            "success": true,
            "chunk_times": [
                44.415045096999165,
                44.420991712000614,
                32.822923263998746
            ]
        },
        "4": {
            "time": 60.46452474100079,
            "success": true,
            "chunk_times": [
                37.92858194099972,
                37.92215097500048,
                38.12380398200003,
                37.85096038300071,
                22.13643508399946,
                22.074876462000248
            ]
        },
        "8": {
            "time": 55.807094427000266,
            "success": true,
            "chunk_times": [
                37.454555275999155,
                37.152795703001175,
                36.89626782099913,
                36.85434652299955,
                37.227181035001195,
                37.274035639999056,
                37.20953620699947,
                36.99913204599943,
                17.799440152999523,
                18.083529187999375,
                18.122161227000106,
                17.88133176699921
            ]
        },
        "16": {
            "time": null,
            "success": false
        }
    },
    "timestamp": 1770015640.237566
}