{
    "metadata": {
        "duration": 61.0,
        "width": 3840,
        "height": 2160,
        "fps": 30.0,
        "codec": "mjpeg",
        "has_audio": false
    },
    "serial_time": 86.81669252399934,
    "sweep_results": {
        "1": {
            "time": 92.93321678400025,
            "success": true,
            "chunk_times": [
                92.6278409030001
            ]
        },
        "2": {
            "time": 74.68322216900015,
            "success": true,
            "chunk_times": [
                44.249863129000005,
                44.23449679999976,
                30.11150170000019
            ]
        },
        "4": {
            "time": 57.848101493000286,
            "success": true,
            "chunk_times": [
                35.619614582000395,
                35.61851742100043,
                35.488011540000116,
                35.5525899309996,
                21.798639323000316,
                21.892684316999294
            ]
        },
        "8": {
            "time": 55.18627088099947,
            "success": true,
            "chunk_times": [
                34.648442548000276,
                34.30619381300039,
                34.18439729500005,
                34.130163326,
                34.226666823000414,
                34.72469895499944,
                34.40414646099998,
                34.35527538400038,
                20.38744874599979,
                20.336218421000012,
                20.39650828699996,
                20.251272206000067
            ]
        },
        "16": {
            "time": null,
            "success": false
        }
    },
    "timestamp": 1770007675.724471
}