{
    "metadata": {
        "duration": 61.0,
        "width": 3840,
        "height": 2160,
        "fps": 30.0,
        "codec": "mjpeg",
        "has_audio": false
    },
    "serial_time": 97.64378301000033,
    "sweep_results": {
        "1": {
            "time": 97.80083910399844,
            "success": true,
            "chunk_times": [
                97.56232594299945
            ]
        },
        "2": {
            "time": 69.22928735699861,
            "success": true,
            "chunk_times": [
                36.08261010699971,
                35.93153060199984,
                33.03411438600051
            ]
        },
        "4": {
            "time": 45.841645168999094,
            "success": true,
            "chunk_times": [
                26.10710090700013,
                25.879483526001422,
                25.844622700999025,
                26.025244930000554,
                19.433086144999834,
                19.622704370000065
            ]
        },
        "8": {
            "time": 35.382506148000175,
            "success": true,
            "chunk_times": [
                22.45149577200027,
                22.171917903000576,
                22.365587823998794,
                22.45832398800121,
                22.275332706998597,
                22.10984375099906,
                21.866743866001343,
                22.346052498000063,
                12.685594022999794,
                12.391894300999411,
                12.721264869998777,
                12.553581525999107
            ]
        }
    },
    "timestamp": 1770016094.3552454
}