{
    "metadata": {
        "duration": 61.0,
        "width": 3840,
        "height": 2160,
        "fps": 30.0,
        "codec": "mjpeg",
        "has_audio": false
    },
    "serial_time": 91.21939450399987,
    "sweep_results": {
        "1": {
            "time": 95.92973000500024,
            "success": true,
            "chunk_times": [
                95.51105821500096
            ]
        },
        "2": {
            "time": 74.27002937199904,
            "success": true,
            "chunk_times": [
                43.770001457000035,
                43.60805623699889,
                30.331372909999118
            ]
        },
        "4": {
            "time": 62.93621520099987,
            "success": true,
            "chunk_times": [
                37.85846975300046,
                37.75520307499937,
                37.87333276699974,
                37.81113772200115,
                24.668698243000108,
                24.73252549300014
            ]
        },
        "8": {
            "time": 59.35585336299846,
            "success": true,
            "chunk_times": [
                38.447249160000865,
                38.41057277100117,
                38.03792903499925,
                38.53461665800023,
                38.26206124500095,
                38.408540332000484,
                38.384165100000246,
                38.327671426999586,
                20.408602652998525,
                20.263877387998946,
                20.386469515999124,
                20.29699896800048
            ]
        }
    },
    "timestamp": 1770018058.128249,
    "smart_analysis": {
        "workers": 8,
        "filter": "unsharp=5:5:1.5:5:5:0.5",
        "reason": "Detected High Quality (1.838 bpp). Applying Unsharp Mask to enhance detail. (Capped workers for 4K)"
    }
}