{
    "metadata": {
        "duration": 30.0,
        "width": 1280,
        "height": 720,
        "fps": 30.0,
        "codec": "h264",
        "has_audio": true
    },
    "serial_time": 3.228951899999629,
    "sweep_results": {
        "1": {
            "time": 3.382762055999592,
            "success": true,
            "chunk_times": [
                3.2224265790000572
            ]
        },
        "2": {
            "time": 3.379045872000461,
            "success": true,
            "chunk_times": [
                1.9988582330006466,
                2.0075059509999846,
                1.207275005000156
            ]
        },
        "4": {
            "time": 3.4006600129996514,
            "success": true,
            "chunk_times": [
                2.0341194639995592,
                2.183095196999602,
                2.0873070959996767,
                2.202921150000293,
                1.1739416500004154,
                1.0921633039997687
            ]
        },
        "8": {
            "time": 3.526311362999877,
            "success": true,
            "chunk_times": [
                1.934201918999861,
                2.0867695890001414,
                2.284522951999861,
                2.3022585080007048,
                2.0612371029992573,
                2.247225848999733,
                2.3233178230002522,
                1.9646916219999184,
                1.302279161000115,
                1.3253239770001528,
                1.1969174710002335,
                1.1541231770006561
            ]
        },
        "16": {
            "time": 4.314837981999517,
            "success": true,
            "chunk_times": [
                2.173578472000372,
                1.980622781999955,
                2.6066838169999755,
                2.6298595739999655,
                2.7267545280001286,
                2.874036860999695,
                2.9449828840006376,
                2.067295009999725,
                2.2541201450003427,
                2.681256874999235,
                2.666667813999993,
                2.701094527999885,
                3.0610781980003594,
                2.8499811560004673,
                2.322569793999719,
                2.481165713000337,
                1.877143955000065,
                1.7694132030001128,
                1.7747651030003908,
                1.6956840149996424,
                1.4062605429999167,
                1.4303749450000396,
                1.3573882279997633,
                1.286281474000134
            ]
        }
    },
    "timestamp": 1770006839.2925384
}